game_id,black_id,white_id,black_username,white_username,black_country,white_country,black_ratings,white_ratings,black_ranking,white_ranking,black_professional,white_professional,black_ui_class,white_ui_class,board
1732,832,850,gyc,MoonSafari,fr,de,"{'version': 5, 'overall': {'rating': 1468.203839122563, 'deviation': 141.35810227089962, 'volatility': 0.060003823368261516}}","{'version': 5, 'overall': {'rating': 2250.5984722786284, 'deviation': 68.51877841828828, 'volatility': 0.06011752459658149}}",23.80738573321417,33.69605623084663,False,False,,,"(;FF[4]
CA[UTF-8]
GM[1]
DT[2013-06-10]
PC[OGS: https://online-go.com/game/1732]
GN[]
PB[gyc]
PW[MoonSafari]
BR[11k]
WR[10k]
TM[30]OT[30 fischer]
RE[W+R]
SZ[19]
KM[0.5]
RU[Japanese]
;B[pd]
C[gyc: hello
MoonSafari: hello
MoonSafari: have fun!
gyc: you too
]
;W[dp]
(;B[pq]
(;W[dd]
(;B[fc]
(;W[df]
(;B[fq]
(;W[ip]
(;B[jd]
(;W[fp]
(;B[cj]
(;W[ch]
(;B[cn]
(;W[cl]
(;B[dk]
(;W[dm]
(;B[dn]
(;W[fm]
(;B[cp]
(;W[dq]
(;B[cq]
(;W[cr]
(;B[br]
(;W[dr]
(;B[en]
(;W[em]
(;B[fn]
(;W[gm]
(;B[gp]
(;W[gq]
(;B[ep]
(;W[fr]
(;B[eq]
(;W[er]
(;B[fo]
(;W[hp]
(;B[do]
(;W[fj]
(;B[qo]
(;W[qf]
(;B[pf]
(;W[pg]
(;B[of]
(;W[qe]
(;B[qd]
(;W[qj]
(;B[md]
(;W[lq]
(;B[fe]
(;W[fg]
(;B[cm]
(;W[dl]
(;B[ef]
(;W[eg]
(;B[de]
(;W[ce]
(;B[dg]
(;W[ee]
(;B[ff]
(;W[ec]
(;B[gg]
(;W[dh]
(;B[og]
(;W[ph]
(;B[gh]
(;W[fb]
(;B[gc]
(;W[gb]
(;B[hb]
(;W[hc]
(;B[ic]
(;W[hd]
(;B[fd]
(;W[ib]
(;B[jb]
(;W[ha]
(;B[if]
(;W[fi]
(;B[eh]
(;W[fh]
(;B[oh]
(;W[oi]
(;B[pi]
(;W[pj]
(;B[qi]
(;W[ri]
(;B[qg]
(;W[qh]
(;B[re]
(;W[rf]
(;B[rd]
(;W[ie]
(;B[je]
(;W[hf]
(;B[gf]
(;W[ig]
(;B[jf]
(;W[hg]
(;B[gi]
(;W[hj]
(;B[gj]
(;W[hk]
(;B[fk]
(;W[gk]
(;B[cg]
(;W[bg]
(;B[ei]
(;W[ej]
(;B[di]
(;W[ek]
(;B[ih]
(;W[hh]
(;B[hi]
(;W[ii]
(;B[jh]
(;W[jj]
C[gyc: thanks
MoonSafari: thank you
gyc: lol@move 65
gyc: that was an easy win and I got greedy
]
)))))))))))))))))))))))))))))))))))))))))))))))))))))))))))))))))))))))))))))))))))))))))))))))))))))))))))))))))))"
1852,73,832,Kuroneko,gyc,001,fr,"{'version': 5, 'overall': {'rating': 1720.3171984281491, 'deviation': 260.4887625445967, 'volatility': 0.05999892180617455}}","{'version': 5, 'overall': {'rating': 1468.203839122563, 'deviation': 141.35810227089962, 'volatility': 0.060003823368261516}}",27.47594113797314,23.80738573321417,False,False,provisional,,"(;FF[4]
CA[UTF-8]
GM[1]
DT[2013-06-16]
PC[OGS: https://online-go.com/game/1852]
GN[T:12 R:1 (gyc vs Kuroneko)]
PB[Kuroneko]
PW[gyc]
BR[30k]
WR[11k]
TM[86400]OT[1/86400 canadian]
RE[W+R]
SZ[19]
KM[6.5]
RU[Japanese]
)"
597159,71620,832,Seraphin,gyc,fr,fr,"{'version': 5, 'overall': {'rating': 1459.1831827911255, 'deviation': 65.80486825206978, 'volatility': 0.06009495979180294}}","{'version': 5, 'overall': {'rating': 1468.203839122563, 'deviation': 141.35810227089962, 'volatility': 0.060003823368261516}}",23.6647132041044,23.80738573321417,False,False,,,"(;FF[4]
CA[UTF-8]
GM[1]
DT[2014-05-09]
PC[OGS: https://online-go.com/game/597159]
GN[]
PB[Seraphin]
PW[gyc]
BR[19k]
WR[13k]
TM[120]OT[5x10 byo-yomi]
RE[B+T]
SZ[19]
KM[6.5]
RU[Japanese]
C[Seraphin: Happy Good Game!
]
;B[qc]
C[Seraphin: Happy Good Game!
]
(;W[pp]
(;B[cc]
(;W[dp]
(;B[cm]
C[gyc: you too
]
(;W[nc]
C[Seraphin: Voire Joyeuse parie même...
]
(;B[kc]
C[gyc: en effet
]
(;W[pd]
(;B[qd]
(;W[pe]
(;B[qe]
(;W[pf]
(;B[pc]
(;W[qf]
(;B[oc]
(;W[ne]
(;B[nb]
(;W[mc]
(;B[od]
(;W[mb]
(;B[oe]
(;W[of]
(;B[nd]
(;W[md]
(;B[me]
(;W[nf]
(;B[le]
(;W[ob]
(;B[pb]
(;W[kb]
(;B[oa]
(;W[jc]
(;B[ld]
(;W[ma]
(;B[na]
(;W[lc]
(;B[gc]
(;W[kd]
(;B[ke]
(;W[je]
(;B[lg]
(;W[rf]
(;B[re]
(;W[pj]
(;B[pm]
(;W[ol]
(;B[pl]
(;W[pk]
(;B[rl]
(;W[om]
(;B[ro]
(;W[pn]
(;B[qn]
(;W[qo]
(;B[rm]
(;W[rp]
(;B[so]
(;W[ql]
(;B[qm]
(;W[rk]
(;B[qk]
(;W[qj]
(;B[on]
(;W[po]
(;B[ok]
(;W[oj]
(;B[sk]
(;W[rj]
(;B[sn]
(;W[sl]
(;B[nk]
(;W[nn]
(;B[mq]
(;W[np]
(;B[or]
(;W[mp]
(;B[qq]
(;W[qp]
(;B[pq]
(;W[nq]
(;B[mr]
(;W[nr]
(;B[ns]
(;W[lq]
(;B[lr]
(;W[kr]
(;B[kq]
(;W[lp]
(;B[jr]
(;W[oq]
(;B[qr]
(;W[nj]
(;B[mk]
(;W[kp]
(;B[jq]
(;W[fq]
(;B[ge]
(;W[jg]
(;B[mj]
(;W[li]
(;B[mi]
(;W[lh]
(;B[mh]
(;W[mg]
(;B[kg]
(;W[jh]
(;B[kh]
(;W[ki]
(;B[ji]
(;W[lf]
(;B[kj]
(;W[kf]
(;B[kk]
(;W[fd]
(;B[gd]
(;W[ce]
(;B[dd]
(;W[de]
(;B[ed]
(;W[ee]
(;B[fe]
(;W[cj]
(;B[eh]
(;W[ch]
(;B[bp]
(;W[cq]
(;B[bq]
(;W[br]
(;B[cp]
(;W[dq]
(;B[do]
(;W[eo]
(;B[en]
(;W[co]
(;B[dn]
(;W[bo]
(;B[fo]
(;W[ii]
(;B[jj]
(;W[ej]
(;B[dg]
(;W[cg]
(;B[ef]
(;W[ep]
(;B[jp]
(;W[fn]
(;B[gn]
(;W[fm]
(;B[gp]
(;W[gm]
(;B[em]
(;W[el]
(;B[dl]
(;W[hn]
(;B[go]
(;W[fl]
(;B[dk]
(;W[dj]
(;B[bn]
(;W[ap]
(;B[cn]
(;W[aq]
(;B[ck]
(;W[bk]
(;B[bl]
(;W[bj]
(;B[ek]
(;W[fk]
(;B[fj]
(;W[gq]
(;B[hp]
(;W[gj]
(;B[fi]
(;W[ij]
(;B[hm]
(;W[hl]
(;B[im]
(;W[il]
(;B[in]
(;W[km]
(;B[jl]
(;W[jm]
(;B[gk]
(;W[gl]
(;B[gi]
(;W[hj]
(;B[ih]
C[Seraphin: zut
Seraphin: desolé
gyc: ah c'est le temps?
Seraphin: vi!
gyc: ok, c'est le jeu
gyc: meri pour la partie
Seraphin: re avec plus de temps?
gyc: pourquoi pas
Seraphin: Ok j'ouvre
]
)))))))))))))))))))))))))))))))))))))))))))))))))))))))))))))))))))))))))))))))))))))))))))))))))))))))))))))))))))))))))))))))))))))))))))))))))))))))))))))))))))))))))))))))))))))))))))"
1819,832,651,gyc,BMic,fr,jp,"{'version': 5, 'overall': {'rating': 1468.203839122563, 'deviation': 141.35810227089962, 'volatility': 0.060003823368261516}}","{'version': 5, 'overall': {'rating': 2028.3641901279143, 'deviation': 70.04182625556118, 'volatility': 0.059985099368588146}}",23.80738573321417,31.289231339375075,False,False,,,"(;FF[4]
CA[UTF-8]
GM[1]
DT[2013-06-15]
PC[OGS: https://online-go.com/game/1819]
GN[gong]
PB[gyc]
PW[BMic]
BR[11k]
WR[1d]
TM[60]OT[60 fischer]
RE[W+R]
SZ[19]
KM[6.5]
RU[Japanese]
C[gyc: hello
BMic: hi hf :)
gyc: have fun
]
;B[pd]
C[BMic: hi hf :)
gyc: have fun
]
(;W[dp]
(;B[pq]
(;W[dc]
(;B[fq]
(;W[qn]
(;B[po]
(;W[ip]
(;B[kq]
(;W[fp]
(;B[gp]
(;W[fo]
(;B[eq]
(;W[dq]
(;B[hq]
(;W[go]
(;B[iq]
(;W[ci]
(;B[pn]
(;W[ql]
(;B[qo]
(;W[pm]
(;B[nn]
(;W[rn]
(;B[cm]
(;W[co]
(;B[ep]
(;W[eo]
(;B[dn]
(;W[do]
(;B[ck]
(;W[ej]
(;B[el]
(;W[gk]
(;B[dj]
(;W[di]
(;B[ei]
(;W[ek]
(;B[dl]
(;W[dg]
(;B[gm]
(;W[hm]
(;B[gl]
(;W[hl]
(;B[bn]
(;W[nc]
(;B[fi]
(;W[gj]
(;B[qf]
(;W[jd]
(;B[fg]
(;W[de]
(;B[gi]
(;W[ij]
(;B[en]
(;W[gf]
(;B[ef]
(;W[ee]
(;B[df]
(;W[cf]
(;B[gg]
(;W[hf]
(;B[ih]
(;W[qh]
(;B[nl]
(;W[qc]
(;B[qd]
(;W[pc]
(;B[nd]
(;W[md]
(;B[ne]
(;W[mc]
(;B[ce]
(;W[bf]
(;B[hp]
(;W[ho]
(;B[qj]
(;W[oh]
(;B[oj]
(;W[rj]
(;B[ri]
(;W[qi]
(;B[rk]
(;W[pj]
(;B[sj]
(;W[qk]
(;B[rl]
(;W[rh]
(;B[pk]
(;W[rj]
(;B[hn]
(;W[in]
(;B[qj]
(;W[pi]
(;B[om]
(;W[ok]
(;B[nk]
(;W[pl]
(;B[ko]
(;W[ki]
(;B[le]
C[gyc: ouch
]
(;W[jg]
(;B[ig]
(;W[if]
(;B[jh]
C[BMic: bit too many weak groups you created
]
(;W[kh]
(;B[jj]
(;W[ji]
(;B[ii]
(;W[kg]
C[gyc: thanks!
BMic: tnx
BMic: why di you invade so close bottom left?
gyc: greed
BMic: ;)
BMic: want to review?
gyc: to have a general idea, yes
BMic: ok i will start a session
]
))))))))))))))))))))))))))))))))))))))))))))))))))))))))))))))))))))))))))))))))))))))))))))))))))))))))))))))"
1820,232,832,adoreme,gyc,de,fr,"{'version': 5, 'overall': {'rating': 1601.7881400288215, 'deviation': 73.16632898564293, 'volatility': 0.06002180478908041}}","{'version': 5, 'overall': {'rating': 1468.203839122563, 'deviation': 141.35810227089962, 'volatility': 0.060003823368261516}}",25.823306651087073,23.80738573321417,False,False,,,"(;FF[4]
CA[UTF-8]
GM[1]
DT[2013-06-15]
PC[OGS: https://online-go.com/game/1820]
GN[The pit]
PB[adoreme]
PW[gyc]
BR[3d]
WR[11k]
TM[10]OT[1/10 canadian]
RE[B+R]
SZ[19]
KM[6.5]
RU[Japanese]
C[gyc: hi, gg
adoreme: good luck
]
;B[pd]
(;W[dq]
(;B[pq]
(;W[dc]
(;B[qo]
(;W[nc]
(;B[pf]
(;W[jd]
(;B[jp]
(;W[gq]
(;B[df]
(;W[ee]
(;B[cc]
(;W[de]
(;B[ce]
C[gyc: it's not blitz?
]
(;W[cb]
(;B[dd]
(;W[ed]
C[adoreme: i chose 10 sec byo-yomi but it seems not the right setting
]
(;B[cd]
(;W[db]
(;B[ch]
(;W[qh]
(;B[qj]
(;W[oh]
(;B[me]
(;W[ld]
(;B[mh]
(;W[ql]
(;B[pk]
(;W[ni]
(;B[lj]
(;W[nk]
(;B[pl]
(;W[nl]
(;B[ll]
(;W[pm]
(;B[om]
(;W[nm]
(;B[on]
(;W[pn]
(;B[po]
(;W[nn]
(;B[oo]
(;W[of]
(;B[oe]
(;W[nf]
(;B[mf]
(;W[ne]
(;B[nd]
(;W[md]
(;B[od]
(;W[mg]
(;B[ng]
(;W[og]
(;B[lg]
C[gyc: ugh
]
(;W[rf]
(;B[rd]
(;W[qe]
(;B[qd]
(;W[pe]
(;B[qf]
C[dfunkt: [object Object\]
]
(;W[re]
(;B[ob]
(;W[oc]
(;B[pb]
(;W[pc]
(;B[qc]
(;W[nb]
(;B[rb]
(;W[no]
(;B[oj]
(;W[nj]
(;B[lo]
(;W[nq]
(;B[mp]
(;W[np]
(;B[mr]
(;W[qm]
(;B[ol]
(;W[rj]
(;B[ri]
(;W[rk]
(;B[qi]
(;W[rn]
(;B[ro]
(;W[rh]
(;B[si]
(;W[sj]
(;B[sh]
(;W[sl]
(;B[nr]
(;W[pi]
(;B[oi]
(;W[sg]
(;B[se]
C[gyc: raa\\
]
(;W[nh]
(;B[mi]
(;W[ph]
(;B[pj]
(;W[qg]
(;B[sd]
(;W[sf]
(;B[rg]
C[gyc: lol
gyc: stupid move
adoreme: :)
gyc: thanks
adoreme: dont be lured into traps :)
adoreme: thx
gyc: it was ok imho
gyc: just killed myself
adoreme: :)
gyc: well see you around then
gyc: at least he played on the server
dfunkt: whoops
]
)))))))))))))))))))))))))))))))))))))))))))))))))))))))))))))))))))))))))))))))))))))))))))))))))))))))"
1831,823,832,defewit,gyc,us,fr,"{'version': 5, 'overall': {'rating': 1274.1829144217925, 'deviation': 76.21516431080504, 'volatility': 0.05998852622209344}}","{'version': 5, 'overall': {'rating': 1468.203839122563, 'deviation': 141.35810227089962, 'volatility': 0.060003823368261516}}",20.52622849780121,23.80738573321417,False,False,,,"(;FF[4]
CA[UTF-8]
GM[1]
DT[2013-06-16]
PC[OGS: https://online-go.com/game/1831]
GN[T:12 R:1 (gyc vs witwit)]
PB[witwit]
PW[gyc]
BR[13k]
WR[11k]
TM[1814400]OT[20/1728000 canadian]
RE[W+T]
SZ[19]
KM[6.5]
RU[Japanese]
;B[pd]
(;W[dq]
C[gyc: enjoy
]
(;B[dc]
(;W[qp]
(;B[ce]
(;W[qf]
(;B[nc]
(;W[oq]
))))))))"
1662,134,832,Unno,gyc,ru,fr,"{'version': 5, 'overall': {'rating': 2007.156967293527, 'deviation': 65.05856492175081, 'volatility': 0.06018044728889678}}","{'version': 5, 'overall': {'rating': 1468.203839122563, 'deviation': 141.35810227089962, 'volatility': 0.060003823368261516}}",31.04591618430543,23.80738573321417,False,False,,,"(;FF[4]
CA[UTF-8]
GM[1]
DT[2013-06-05]
PC[OGS: https://online-go.com/game/1662]
GN[]
PB[SOCRAT]
PW[gyc]
BR[10k]
WR[10k]
TM[86400]OT[1/86400 canadian]
RE[B+R]
SZ[19]
KM[6.5]
RU[Japanese]
C[SOCRAT: Hi gg
gyc: gg
]
;B[pd]
C[SOCRAT: Hi gg
gyc: gg
]
(;W[dq]
(;B[ce]
(;W[pp]
(;B[co]
(;W[ep]
(;B[cl]
(;W[cp]
(;B[nq]
(;W[kq]
(;B[no]
(;W[pn]
(;B[qq]
(;W[pq]
(;B[pr]
(;W[or]
(;B[qr]
(;W[oq]
(;B[ro]
(;W[ko]
(;B[dc]
(;W[qf]
(;B[pf]
(;W[nc]
(;B[pc]
(;W[jd]
(;B[ci]
(;W[pg]
(;B[hc]
(;W[nf]
(;B[of]
(;W[og]
(;B[qg]
(;W[qe]
(;B[nd]
(;W[ne]
(;B[od]
(;W[qh]
(;B[mc]
(;W[le]
(;B[rg]
(;W[rh]
(;B[ng]
(;W[lg]
(;B[nh]
(;W[oi]
(;B[kd]
(;W[je]
(;B[ke]
(;W[kf]
(;B[jf]
(;W[ld]
(;B[kc]
(;W[lc]
(;B[jc]
(;W[mb]
(;B[md]
(;W[kb]
(;B[jb]
(;W[rc]
(;B[nb]
(;W[qb]
(;B[ma]
(;W[lb]
(;B[me]
(;W[mf]
(;B[ka]
(;W[jg]
(;B[la]
(;W[lf]
(;B[if]
(;W[ig]
(;B[kh]
(;W[lh]
(;B[mi]
(;W[li]
(;B[mj]
(;W[ok]
(;B[lj]
(;W[ji]
(;B[nr]
(;W[ns]
(;B[lp]
(;W[kp]
(;B[ps]
(;W[os]
(;B[om]
(;W[pm]
(;B[ol]
(;W[pl]
(;B[oj]
(;W[pj]
(;B[nk]
(;W[nj]
(;B[kj]
(;W[ki]
(;B[oo]
(;W[qp]
(;B[rp]
(;W[on]
(;B[mm]
(;W[nn]
(;B[mn]
(;W[jj]
(;B[jk]
(;W[kl]
(;B[kk]
(;W[ml]
(;B[ll]
(;W[lm]
(;B[km]
(;W[lk]
(;B[ln]
(;W[nm]
(;B[ll]
C[gyc: gtg sorry
]
(;W[rq]
(;B[rr]
(;W[lm]
(;B[po]
(;W[ll]
(;B[qo]
(;W[mr]
(;B[lr]
(;W[lq]
(;B[mq]
(;W[hk]
(;B[hl]
(;W[il]
(;B[ik]
(;W[gk]
(;B[jl]
(;W[kn]
(;B[im]
(;W[fm]
(;B[ij]
(;W[hi]
(;B[hj]
(;W[gj]
(;B[gi]
(;W[gl]
(;B[hg]
(;W[hf]
(;B[ie]
(;W[gh]
(;B[ii]
(;W[hh]
(;B[gg]
(;W[ih]
(;B[fi]
(;W[hn]
(;B[fh]
(;W[fg]
(;B[gf]
(;W[he]
(;B[id]
(;W[hm]
(;B[oe]
(;W[ob]
(;B[oc]
(;W[mp]
C[gyc: http://www.gokgs.com/graphPage.jsp?user=socrat
gyc: cute little graph for a 10k
]
(;B[ms]
(;W[oa]
C[gyc: thanks, was nice to play against a 2kyu
SOCRAT: Thx 
SOCRAT: 5-6 к
]
))))))))))))))))))))))))))))))))))))))))))))))))))))))))))))))))))))))))))))))))))))))))))))))))))))))))))))))))))))))))))))))))))))))))))))))))))))))))))))))))))"
1664,767,832,Arkad,gyc,ua,fr,"{'version': 5, 'overall': {'rating': 1461.4902678583062, 'deviation': 196.8282946434551, 'volatility': 0.06000380582010867}}","{'version': 5, 'overall': {'rating': 1468.203839122563, 'deviation': 141.35810227089962, 'volatility': 0.060003823368261516}}",23.701286296794265,23.80738573321417,False,False,provisional,,"(;FF[4]
CA[UTF-8]
GM[1]
DT[2013-06-05]
PC[OGS: https://online-go.com/game/1664]
GN[gyc]
PB[Arkad]
PW[gyc]
BR[11k]
WR[10k]
TM[0]OT[86400 simple]
RE[W+R]
SZ[19]
KM[6.5]
RU[Japanese]
C[Arkad: hi gg
gyc: gg
]
;B[pd]
C[Arkad: hi gg
gyc: gg
]
(;W[dq]
C[gyc: i'm playing a live game atm, will continue later
]
(;B[cd]
(;W[pp]
(;B[do]
(;W[co]
(;B[cn]
(;W[bo]
(;B[dp]
(;W[cq]
(;B[em]
(;W[ed]
(;B[ee]
(;W[de]
(;B[dd]
(;W[df]
(;B[fd]
(;W[ec]
(;B[fc]
(;W[ef]
(;B[fe]
(;W[nd]
(;B[pg]
(;W[jc]
(;B[lc]
(;W[ld]
(;B[mc]
(;W[md]
(;B[ob]
(;W[oc]
(;B[pc]
(;W[nb]
(;B[nc]
(;W[od]
(;B[pb]
(;W[kc]
(;B[mb]
(;W[cm]
(;B[dn]
(;W[cj]
(;B[bn]
(;W[ff]
(;B[qn]
(;W[db]
(;B[dc]
(;W[eb]
(;B[cb]
(;W[fb]
(;B[gb]
(;W[gc]
(;B[gd]
(;W[hc]
(;B[hb]
(;W[ib]
(;B[hd]
(;W[ic]
(;B[bf]
(;W[ce]
(;B[bd]
(;W[if]
(;B[hf]
(;W[hg]
(;B[ie]
(;W[jf]
(;B[be]
C[Arkad: ty
gyc: oh
gyc: thqnks
gyc: a
]
)))))))))))))))))))))))))))))))))))))))))))))))))))))))))))))))))"
1665,39,832,scubakid,gyc,pl,fr,"{'version': 5, 'overall': {'rating': 2059.028621258477, 'deviation': 63.10558371793627, 'volatility': 0.06007779758220434}}","{'version': 5, 'overall': {'rating': 1468.203839122563, 'deviation': 141.35810227089962, 'volatility': 0.060003823368261516}}",31.636589634485794,23.80738573321417,False,False,,,"(;FF[4]
CA[UTF-8]
GM[1]
DT[2013-06-05]
PC[OGS: https://online-go.com/game/1665]
GN[lorem ipsum]
PB[scubakid]
PW[gyc]
BR[5k]
WR[10k]
TM[120]OT[120 fischer]
RE[B+R]
SZ[19]
KM[6.5]
RU[Japanese]
C[scubakid: hi
scubakid: gg
gyc: hi
]
;B[pd]
(;W[dq]
(;B[cd]
(;W[pp]
(;B[co]
(;W[ep]
(;B[ck]
(;W[cp]
(;B[do]
(;W[qf]
(;B[nc]
(;W[pj]
(;B[nq]
(;W[lq]
(;B[pn]
(;W[np]
(;B[mp]
(;W[no]
(;B[mq]
(;W[oq]
(;B[jq]
(;W[hq]
(;B[jo]
(;W[mo]
(;B[lp]
(;W[pl]
(;B[qq]
(;W[qp]
(;B[or]
(;W[pr]
(;B[pq]
(;W[qr]
(;B[rq]
(;W[rp]
(;B[op]
(;W[oo]
(;B[po]
(;W[oq]
(;B[qh]
(;W[rr]
(;B[op]
(;W[sq]
(;B[oq]
(;W[om]
(;B[oh]
(;W[ec]
(;B[gc]
(;W[cc]
(;B[bc]
(;W[dd]
(;B[ce]
(;W[de]
(;B[cf]
(;W[df]
(;B[dg]
(;W[ic]
(;B[cb]
(;W[ge]
(;B[eb]
(;W[fb]
(;B[dc]
(;W[fc]
(;B[rd]
(;W[ld]
(;B[rj]
(;W[qi]
(;B[ri]
(;W[ph]
(;B[pg]
(;W[rh]
(;B[pi]
(;W[rg]
(;B[qj]
(;W[qk]
(;B[eg]
(;W[eo]
(;B[en]
(;W[ek]
(;B[dk]
(;W[el]
(;B[dn]
(;W[fn]
(;B[fm]
(;W[em]
(;B[gn]
(;W[fo]
(;B[ej]
(;W[ch]
(;B[fj]
(;W[gm]
(;B[fl]
(;W[fk]
(;B[gl]
(;W[gk]
(;B[hl]
(;W[hk]
(;B[cm]
(;W[il]
(;B[hm]
(;W[im]
(;B[in]
(;W[ho]
(;B[hn]
(;W[kn]
(;B[oj]
(;W[iq]
(;B[kq]
(;W[mc]
(;B[nd]
(;W[lf]
(;B[jf]
(;W[gg]
(;B[jc]
(;W[jb]
(;B[jh]
(;W[jj]
(;B[lg]
(;W[kg]
(;B[kf]
(;W[kh]
(;B[le]
(;W[mf]
(;B[me]
(;W[mg]
(;B[lh]
(;W[mh]
(;B[li]
(;W[ki]
(;B[mi]
(;W[ke]
(;B[kd]
(;W[je]
(;B[ie]
(;W[jg]
(;B[jd]
(;W[of]
(;B[pf]
(;W[oe]
(;B[pe]
C[gyc: thanks
scubakid: thx
gyc: see you around ;)
]
)))))))))))))))))))))))))))))))))))))))))))))))))))))))))))))))))))))))))))))))))))))))))))))))))))))))))))))))))))))))))))))))))))))))))))"
1667,832,39,gyc,scubakid,fr,pl,"{'version': 5, 'overall': {'rating': 1468.203839122563, 'deviation': 141.35810227089962, 'volatility': 0.060003823368261516}}","{'version': 5, 'overall': {'rating': 2059.028621258477, 'deviation': 63.10558371793627, 'volatility': 0.06007779758220434}}",23.80738573321417,31.636589634485794,False,False,,,"(;FF[4]
CA[UTF-8]
GM[1]
DT[2013-06-05]
PC[OGS: https://online-go.com/game/1667]
GN[]
PB[gyc]
PW[scubakid]
BR[10k]
WR[5k]
TM[120]OT[120 fischer]
RE[W+R]
SZ[19]
KM[0.5]
RU[Japanese]
HA[2]
AB[pd][dp]
C[scubakid: good game
gyc: re
gyc: good game
]
;W[dc]
(;B[qq]
(;W[cn]
(;B[ck]
(;W[cq]
(;B[cp]
(;W[dq]
(;B[fp]
(;W[ep]
(;B[eo]
(;W[eq]
(;B[bp]
(;W[fo]
(;B[en]
(;W[gp]
(;B[fn]
(;W[fq]
(;B[de]
(;W[dh]
(;B[ec]
(;W[eb]
(;B[fc]
(;W[dd]
(;B[ee]
(;W[ce]
(;B[cf]
(;W[bd]
(;B[ge]
(;W[bf]
(;B[cg]
(;W[fb]
(;B[gb]
(;W[ch]
(;B[bg]
(;W[dk]
(;B[dl]
(;W[cl]
(;B[cm]
(;W[bl]
(;B[bm]
(;W[dm]
(;B[al]
(;W[bk]
(;B[dn]
(;W[el]
(;B[bn]
(;W[gn]
(;B[jp]
(;W[pp]
(;B[pq]
(;W[op]
(;B[oq]
(;W[nq]
(;B[qp]
(;W[pn]
(;B[np]
(;W[mp]
(;B[no]
(;W[lq]
(;B[nr]
(;W[mq]
(;B[mo]
(;W[lo]
(;B[po]
(;W[ln]
(;B[jn]
(;W[jm]
(;B[ho]
(;W[gm]
(;B[im]
(;W[jl]
(;B[go]
(;W[fp]
(;B[il]
(;W[kn]
(;B[jo]
(;W[hn]
(;B[in]
(;W[ik]
(;B[hp]
(;W[fm]
(;B[hl]
(;W[hk]
(;B[gl]
(;W[gk]
(;B[hr]
(;W[iq]
(;B[ip]
(;W[hq]
(;B[jq]
(;W[ir]
(;B[jr]
(;W[kr]
(;B[cj]
C[gyc: lol
gyc: ok, bad choices today
scubakid: there is no undo 
gyc: thanks
scubakid: thanks
gyc: see you around :)
scubakid: bye
]
))))))))))))))))))))))))))))))))))))))))))))))))))))))))))))))))))))))))))))))))))))))))))))))"
1714,781,832,crocrobot,gyc,_DOOP,fr,"{'version': 5, 'overall': {'rating': 1601.0041456964598, 'deviation': 67.50164765912632, 'volatility': 0.06007203203382816}}","{'version': 5, 'overall': {'rating': 1468.203839122563, 'deviation': 141.35810227089962, 'volatility': 0.060003823368261516}}",25.811973122379904,23.80738573321417,False,False,supporter,,"(;FF[4]
CA[UTF-8]
GM[1]
DT[2013-06-10]
PC[OGS: https://online-go.com/game/1714]
GN[urban or rural?]
PB[lunchbox.rodgers]
PW[gyc]
BR[11k]
WR[11k]
TM[0]OT[86400 simple]
RE[B+T]
SZ[19]
KM[6.5]
RU[Japanese]
C[lunchbox.rodgers: hello
lunchbox.rodgers: have fun
]
;B[pd]
(;W[dq]
C[gyc: you too!
]
(;B[qp]
(;W[dc]
(;B[oq]
(;W[qj]
(;B[ql]
(;W[qf]
(;B[qh]
(;W[pi]
(;B[nc]
(;W[ph]
(;B[rd]
(;W[lq]
(;B[jq]
)))))))))))))))"
1715,308,832,Kamilos,gyc,pl,fr,"{'version': 5, 'overall': {'rating': 1482.7969294121722, 'deviation': 60.814197352142344, 'volatility': 0.059901326071665095}}","{'version': 5, 'overall': {'rating': 1468.203839122563, 'deviation': 141.35810227089962, 'volatility': 0.060003823368261516}}",24.036347241899797,23.80738573321417,False,False,,,"(;FF[4]
CA[UTF-8]
GM[1]
DT[2013-06-10]
PC[OGS: https://online-go.com/game/1715]
GN[]
PB[Bjondro]
PW[gyc]
BR[14k]
WR[11k]
TM[1814400]OT[20/12096000 canadian]
RE[B+T]
SZ[19]
KM[6.5]
RU[Japanese]
C[gyc: Hello
gyc: enjoy
Bjondro: hi, have fun!
]
;B[pd]
(;W[dq]
(;B[cd]
(;W[qp]
(;B[co]
(;W[ep]
(;B[dl]
(;W[cp]
(;B[do]
(;W[ed]
(;B[ee]
(;W[fe]
(;B[de]
(;W[nc]
(;B[lc]
(;W[ic]
(;B[le]
(;W[qc]
(;B[pc]
(;W[qd]
(;B[pe]
(;W[pb]
(;B[ob]
(;W[qb]
(;B[oc]
(;W[rf]
(;B[oq]
(;W[lp]
(;B[oo]
(;W[pn]
(;B[qq]
)))))))))))))))))))))))))))))))"
1719,832,55,gyc,RoadHobo,fr,_Pirate,"{'version': 5, 'overall': {'rating': 1468.203839122563, 'deviation': 141.35810227089962, 'volatility': 0.060003823368261516}}","{'version': 5, 'overall': {'rating': 1387.3991114591252, 'deviation': 74.83343692369397, 'volatility': 0.060064431794117246}}",23.80738573321417,22.49688914242659,False,False,,,"(;FF[4]
CA[UTF-8]
GM[1]
DT[2013-06-10]
PC[OGS: https://online-go.com/game/1719]
GN[]
PB[gyc]
PW[dfunkt]
BR[11k]
WR[9k]
TM[86400]OT[1/86400 canadian]
RE[B+R]
SZ[19]
KM[0.5]
RU[Japanese]
HA[2]
AB[pd][dp]
C[gyc: hello
gyc: enjoy
dfunkt: Hi. Have fun.
]
;W[pp]
(;B[cd]
(;W[ed]
(;B[ee]
(;W[de]
(;B[dd]
(;W[df]
(;B[fd]
(;W[ec]
(;B[fc]
(;W[db]
(;B[fb]
(;W[dg]
(;B[fe]
(;W[bb]
(;B[eb]
(;W[dc]
(;B[bc]
C[dfunkt: I really screwed this up
dfunkt: thanks
dfunkt: weird, there is no resign button
gyc: don't resign
gyc: you messed up the joseki a little
gyc: there's a cancel game button
dfunkt: yeah, but then you don't get the win
dfunkt: I'll plAT ANOTHER MOVE
]
(;W[cb]
C[dfunkt: but c18 is dead
]
(;B[bf]
C[dfunkt: that was the move :)
gyc: thanks
dfunkt: cya.  I don't like to play from a bad position.. waste of time
gyc: I know it sucks
dfunkt: good game
gyc: but in a live game it would have probably worked
dfunkt: not sure
gyc: because it's a little tricky
gyc: anyway, see you around
dfunkt: [object Object\]
]
))))))))))))))))))))"
1839,832,94,gyc,prozz,fr,150,"{'version': 5, 'overall': {'rating': 1468.203839122563, 'deviation': 141.35810227089962, 'volatility': 0.060003823368261516}}","{'version': 5, 'overall': {'rating': 1693.71341001999, 'deviation': 64.83753698676142, 'volatility': 0.06010018315302806}}",23.80738573321417,27.11514169667412,False,False,,,"(;FF[4]
CA[UTF-8]
GM[1]
DT[2013-06-16]
PC[OGS: https://online-go.com/game/1839]
GN[T:12 R:1 (prozz vs gyc)]
PB[gyc]
PW[prozz]
BR[11k]
WR[8k]
TM[1814400]OT[20/1728000 canadian]
RE[W+R]
SZ[19]
KM[6.5]
RU[Japanese]
C[gyc: enjoy
]
;B[pd]
C[gyc: enjoy
]
(;W[dp]
(;B[pq]
(;W[dd]
(;B[fq]
(;W[cn]
(;B[jp]
(;W[po]
(;B[oo]
(;W[on]
(;B[no]
(;W[pp]
(;B[oq]
(;W[pk]
(;B[lq]
(;W[qf]
(;B[ph]
(;W[of]
(;B[nd]
(;W[rd]
(;B[nh]
(;W[mf]
(;B[qc]
(;W[lc]
(;B[ld]
(;W[kd]
(;B[le]
(;W[lf]
(;B[ke]
(;W[jd]
(;B[lh]
(;W[rh]
(;B[fc]
(;W[mc]
(;B[ne]
(;W[nf]
(;B[nc]
(;W[rc]
(;B[ic]
(;W[pb]
(;B[qb]
(;W[nb]
(;B[kf]
(;W[kg]
(;B[lg]
(;W[jg]
(;B[pf]
(;W[pe]
(;B[je]
(;W[id]
(;B[ie]
(;W[hd]
(;B[hf]
(;W[ge]
(;B[gf]
(;W[fe]
(;B[ii]
(;W[ji]
(;B[ij]
(;W[kj]
(;B[mj]
(;W[lk]
(;B[mk]
(;W[ml]
(;B[nl]
(;W[mm]
(;B[nn]
(;W[nm]
(;B[pg]
(;W[oe]
(;B[ol]
(;W[om]
(;B[pl]
(;W[qm]
(;B[ql]
(;W[qi]
(;B[pm]
(;W[pn]
(;B[qn]
(;W[rm]
(;B[rn]
(;W[rl]
(;B[rk]
(;W[qk]
(;B[sl]
(;W[nk]
(;B[sm]
(;W[ok]
(;B[lj]
(;W[kl]
(;B[kh]
(;W[jh]
(;B[ki]
(;W[jj]
(;B[ni]
(;W[pi]
(;B[qg]
(;W[rf]
(;B[rg]
(;W[sg]
(;B[oi]
(;W[oh]
(;B[og]
(;W[ng]
(;B[oj]
(;W[mh]
(;B[mi]
(;W[mg]
(;B[qj]
(;W[pj]
(;B[qe]
(;W[qd]
(;B[rj]
(;W[qh]
C[gyc: go i hate go engines
gyc: *god
prozz: what engines?
gyc: dunno, which one do you use?
prozz: are u serious?
gyc: i was forced to this tournament, I usually don't play corr go
prozz: i dont think u were forced to anything. insulting players isnt good either
gyc: well, prozz
gyc: http://www.gokgs.com/gameArchives.jsp?user=prozz&year=2013&month=6
gyc: no need for an engine, right?
gyc: haha so who's insulting who?
gyc: I think sandbagging is more insulting
]
))))))))))))))))))))))))))))))))))))))))))))))))))))))))))))))))))))))))))))))))))))))))))))))))))))))))))))))))))"
1847,832,559,gyc,Erasmas,fr,de,"{'version': 5, 'overall': {'rating': 1468.203839122563, 'deviation': 141.35810227089962, 'volatility': 0.060003823368261516}}","{'version': 5, 'overall': {'rating': 1717.163687767933, 'deviation': 67.15832536984236, 'volatility': 0.06001603687518893}}",23.80738573321417,27.433465968114145,False,False,,,"(;FF[4]
CA[UTF-8]
GM[1]
DT[2013-06-16]
PC[OGS: https://online-go.com/game/1847]
GN[T:12 R:1 (Erasmas vs gyc)]
PB[gyc]
PW[Erasmas]
BR[11k]
WR[9k]
TM[1814400]OT[20/1728000 canadian]
RE[W+T]
SZ[19]
KM[6.5]
RU[Japanese]
C[gyc: enjoy
]
;B[pd]
C[gyc: enjoy
]
(;W[dp]
(;B[pq]
(;W[dc]
C[Erasmas: hi.. have fun and a good game
]
(;B[fq]
(;W[cn]
(;B[jp]
(;W[po]
(;B[oo]
(;W[on]
(;B[no]
(;W[pp]
(;B[oq]
(;W[pj]
(;B[ce]
(;W[fd]
(;B[ci]
(;W[qf]
(;B[nc]
(;W[rd]
(;B[qc]
(;W[lc]
(;B[fo]
(;W[dr]
(;B[qq]
(;W[rp]
(;B[lq]
(;W[ck]
(;B[rc]
(;W[le]
(;B[ei]
(;W[cg]
))))))))))))))))))))))))))))))))"
1848,273,832,Tom Newman,gyc,001,fr,"{'version': 5, 'overall': {'rating': 1011.9087815649393, 'deviation': 65.34418310253365, 'volatility': 0.06016075185201896}}","{'version': 5, 'overall': {'rating': 1468.203839122563, 'deviation': 141.35810227089962, 'volatility': 0.060003823368261516}}",15.190924584152683,23.80738573321417,False,False,supporter,,"(;FF[4]
CA[UTF-8]
GM[1]
DT[2013-06-16]
PC[OGS: https://online-go.com/game/1848]
GN[T:12 R:1 (gyc vs Tom Newman)]
PB[Tom Newman]
PW[gyc]
BR[17k]
WR[11k]
TM[86400]OT[1/86400 canadian]
RE[W+R]
SZ[19]
KM[6.5]
RU[Japanese]
C[Tom Newman: Have a good game. 
]
;B[pp]
C[Tom Newman: Have a good game. 
]
)"
1849,781,832,crocrobot,gyc,_DOOP,fr,"{'version': 5, 'overall': {'rating': 1601.0041456964598, 'deviation': 67.50164765912632, 'volatility': 0.06007203203382816}}","{'version': 5, 'overall': {'rating': 1468.203839122563, 'deviation': 141.35810227089962, 'volatility': 0.060003823368261516}}",25.811973122379904,23.80738573321417,False,False,supporter,,"(;FF[4]
CA[UTF-8]
GM[1]
DT[2013-06-16]
PC[OGS: https://online-go.com/game/1849]
GN[T:12 R:1 (gyc vs lunchbox.rodgers)]
PB[lunchbox.rodgers]
PW[gyc]
BR[11k]
WR[11k]
TM[1814400]OT[20/1728000 canadian]
RE[B+T]
SZ[19]
KM[6.5]
RU[Japanese]
C[lunchbox.rodgers: hello
lunchbox.rodgers: have fun
lunchbox.rodgers: rematch!
]
;B[pd]
(;W[dq]
C[gyc: enjoy
]
(;B[dd]
(;W[qp]
(;B[co]
(;W[do]
(;B[dn]
(;W[eo]
(;B[cp]
(;W[cq]
(;B[ck]
(;W[gq]
(;B[oq]
(;W[op]
(;B[np]
(;W[oo]
(;B[pq]
C[lunchbox.rodgers: surprising joseki choice... again
lunchbox.rodgers: once w plays r6 i am going to extend to r10
lunchbox.rodgers: effectively negating the influence w took with the joseki
lunchbox.rodgers: from both corners
]
(;W[qq]
(;B[kq]
(;W[qm]
(;B[qg]
(;W[jc]
(;B[hc]
(;W[nc]
(;B[pb]
(;W[je]
(;B[qj]
(;W[cc]
(;B[cd]
(;W[dc]
(;B[ec]
(;W[eb]
(;B[fc]
(;W[fb]
(;B[gc]
(;W[bc]
(;B[bd]
(;W[ee]
(;B[ed]
)))))))))))))))))))))))))))))))))))))))"
1850,832,28,gyc,seanachain,fr,ie,"{'version': 5, 'overall': {'rating': 1468.203839122563, 'deviation': 141.35810227089962, 'volatility': 0.060003823368261516}}","{'version': 5, 'overall': {'rating': 1672.9524090103962, 'deviation': 62.671596468452364, 'volatility': 0.060025612734896955}}",23.80738573321417,26.82962285307493,False,False,,,"(;FF[4]
CA[UTF-8]
GM[1]
DT[2013-06-16]
PC[OGS: https://online-go.com/game/1850]
GN[T:12 R:1 (seanachain vs gyc)]
PB[gyc]
PW[seanachain]
BR[11k]
WR[8k]
TM[1814400]OT[20/1728000 canadian]
RE[W+T]
SZ[19]
KM[6.5]
RU[Japanese]
C[gyc: enjoy
seanachain: you too!
]
;B[pd]
C[gyc: enjoy
seanachain: you too!
]
(;W[dq]
(;B[cd]
(;W[qp]
(;B[co]
(;W[cm]
(;B[cq]
(;W[cr]
(;B[bq]
(;W[dp]
(;B[do]
(;W[fp]
(;B[ck]
(;W[em]
(;B[ek]
(;W[eo]
(;B[dn]
(;W[dm]
(;B[en]
(;W[fn]
(;B[br]
(;W[dr]
(;B[bo]
(;W[fm]
(;B[bm]
(;W[bl]
(;B[bk]
(;W[bn]
(;B[cp]
(;W[bs]
))))))))))))))))))))))))))))))"
1851,640,832,tarmin,gyc,us,fr,"{'version': 5, 'overall': {'rating': 1435.6681080656394, 'deviation': 122.49028663985722, 'volatility': 0.06001367920533592}}","{'version': 5, 'overall': {'rating': 1468.203839122563, 'deviation': 141.35810227089962, 'volatility': 0.060003823368261516}}",23.2886068697611,23.80738573321417,False,False,,,"(;FF[4]
CA[UTF-8]
GM[1]
DT[2013-06-16]
PC[OGS: https://online-go.com/game/1851]
GN[T:12 R:1 (gyc vs tarmin)]
PB[tarmin]
PW[gyc]
BR[20k]
WR[11k]
TM[1814400]OT[20/1728000 canadian]
RE[B+T]
SZ[19]
KM[6.5]
RU[Japanese]
;B[pd]
(;W[dq]
C[gyc: enjoy
]
(;B[oq]
(;W[dc]
(;B[qp]
(;W[nc]
(;B[qf]
(;W[jd]
(;B[pj]
(;W[co]
(;B[jp]
(;W[ce]
(;B[cj]
(;W[ch]
(;B[cm]
(;W[gq]
(;B[ne]
(;W[od]
(;B[oe]
)))))))))))))))))))"
1853,784,832,mlopezviedma,gyc,ar,fr,"{'version': 5, 'overall': {'rating': 1523.6905157613091, 'deviation': 61.871308506532216, 'volatility': 0.059736468741597874}}","{'version': 5, 'overall': {'rating': 1468.203839122563, 'deviation': 141.35810227089962, 'volatility': 0.060003823368261516}}",24.66614858276941,23.80738573321417,False,False,supporter moderator,,"(;FF[4]
CA[UTF-8]
GM[1]
DT[2013-06-16]
PC[OGS: https://online-go.com/game/1853]
GN[T:12 R:1 (gyc vs mlopezviedma)]
PB[mlopezviedma]
PW[gyc]
BR[18k]
WR[11k]
TM[1814400]OT[20/1728000 canadian]
RE[B+T]
SZ[19]
KM[6.5]
RU[Japanese]
C[mlopezviedma: Hi, have fun!
]
;B[dd]
(;W[pq]
C[gyc: enjoy
]
(;B[pd]
(;W[cp]
(;B[qo]
(;W[po]
(;B[pn]
(;W[oo]
(;B[qp]
(;W[qq]
(;B[qk]
(;W[mq]
(;B[ep]
(;W[eo]
(;B[fo]
)))))))))))))))"
597139,67760,832,thebbb,gyc,zz,fr,"{'version': 5, 'overall': {'rating': 1722.948221663965, 'deviation': 66.21608564861471, 'volatility': 0.06094476539591248}}","{'version': 5, 'overall': {'rating': 1468.203839122563, 'deviation': 141.35810227089962, 'volatility': 0.060003823368261516}}",27.511319299300858,23.80738573321417,False,False,,,"(;FF[4]
CA[UTF-8]
GM[1]
DT[2014-05-09]
PC[OGS: https://online-go.com/game/597139]
GN[]
PB[thebbb]
PW[gyc]
BR[19k]
WR[13k]
TM[120]OT[5x10 byo-yomi]
RE[B+1.5]
SZ[9]
KM[6.5]
RU[Japanese]
;B[df]
(;W[gc]
(;B[dd]
(;W[fg]
(;B[eg]
(;W[ff]
(;B[fc]
(;W[fd]
(;B[fb]
(;W[ed]
(;B[ec]
(;W[dc]
(;B[gb]
(;W[hc]
(;B[cd]
(;W[db]
(;B[cc]
(;W[cb]
(;B[bb]
(;W[ba]
(;B[ab]
(;W[bd]
(;B[be]
(;W[ce]
(;B[cf]
(;W[ae]
(;B[bf]
(;W[hb]
(;B[eb]
(;W[ea]
(;B[da]
(;W[eh]
(;B[dh]
(;W[ef]
(;B[dg]
(;W[ga]
(;B[ca]
(;W[ha]
(;B[fa]
(;W[fh]
(;B[ei]
(;W[fi]
(;B[di]
(;W[ee]
(;B[de]
(;W[]
(;B[]
)))))))))))))))))))))))))))))))))))))))))))))))"
597181,71620,832,Seraphin,gyc,fr,fr,"{'version': 5, 'overall': {'rating': 1459.1831827911255, 'deviation': 65.80486825206978, 'volatility': 0.06009495979180294}}","{'version': 5, 'overall': {'rating': 1468.203839122563, 'deviation': 141.35810227089962, 'volatility': 0.060003823368261516}}",23.6647132041044,23.80738573321417,False,False,,,"(;FF[4]
CA[UTF-8]
GM[1]
DT[2014-05-09]
PC[OGS: https://online-go.com/game/597181]
GN[]
PB[Seraphin]
PW[gyc]
BR[18k]
WR[14k]
TM[1200]OT[5x30 byo-yomi]
RE[B+9.5]
SZ[19]
KM[0.5]
RU[Japanese]
HA[4]
AB[dd][pp][pd][dp]
C[Seraphin: yo!
gyc: re donc
Seraphin: avec ou sabs handicap?
Seraphin: sans
gyc: ben tu vois il y a des pierres deja :)
]
;W[qf]
C[Seraphin: yo!
gyc: re donc
Seraphin: avec ou sabs handicap?
Seraphin: sans
gyc: ben tu vois il y a des pierres deja :)
]
(;B[qi]
C[Seraphin: ok
]
(;W[nd]
(;B[oc]
(;W[of]
(;B[qe]
(;W[qc]
(;B[qd]
(;W[rf]
(;B[re]
(;W[qn]
(;B[rc]
(;W[pk]
(;B[oi]
(;W[nc]
(;B[oe]
(;W[nf]
(;B[pf]
(;W[pg]
(;B[pe]
(;W[qh]
(;B[ne]
(;W[ob]
(;B[qb]
(;W[pb]
(;B[pc]
(;W[nk]
(;B[og]
(;W[oh]
(;B[ng]
(;W[nh]
(;B[mf]
(;W[ni]
(;B[qk]
(;W[ql]
(;B[rh]
(;W[rg]
(;B[pi]
(;W[ph]
(;B[oj]
(;W[nj]
(;B[ok]
(;W[ol]
(;B[nl]
(;W[rk]
(;B[pm]
(;W[om]
(;B[pl]
(;W[qj]
(;B[pn]
(;W[on]
(;B[oo]
(;W[qm]
(;B[po]
(;W[ri]
(;B[nn]
(;W[pj]
(;B[nm]
(;W[ok]
(;B[qo]
(;W[no]
(;B[np]
(;W[mo]
(;B[lm]
(;W[fq]
(;B[mp]
(;W[lo]
(;B[lp]
(;W[iq]
(;B[ko]
(;W[kq]
(;B[lq]
(;W[kr]
(;B[lr]
(;W[io]
(;B[cm]
(;W[dr]
(;B[cq]
(;W[fc]
(;B[ic]
(;W[kc]
(;B[je]
(;W[jd]
(;B[id]
(;W[ie]
(;B[jc]
(;W[kd]
(;B[he]
(;W[if]
(;B[hf]
(;W[hd]
(;B[hc]
(;W[gd]
(;B[gc]
(;W[fd]
(;B[fb]
(;W[eb]
(;B[ga]
(;W[kb]
(;B[jb]
(;W[hb]
(;B[ib]
(;W[ha]
(;B[ec]
(;W[db]
(;B[fe]
(;W[ed]
(;B[dc]
(;W[ee]
(;B[de]
(;W[ef]
(;B[cb]
(;W[hg]
(;B[df]
(;W[ch]
(;B[eg]
(;W[ff]
(;B[cg]
(;W[dh]
(;B[dg]
(;W[ck]
(;B[eh]
(;W[ei]
(;B[fg]
(;W[gf]
(;B[gg]
(;W[ge]
(;B[fi]
(;W[ej]
(;B[em]
(;W[fj]
(;B[gi]
(;W[bh]
(;B[bg]
(;W[ag]
(;B[af]
(;W[ah]
(;B[be]
(;W[kf]
(;B[fo]
(;W[gj]
(;B[hi]
(;W[cr]
(;B[br]
(;W[ls]
(;B[ms]
(;W[ks]
(;B[nr]
(;W[dl]
(;B[dm]
(;W[bl]
(;B[bm]
(;W[hj]
(;B[jm]
(;W[kp]
(;B[kn]
(;W[rn]
(;B[ro]
(;W[so]
(;B[sp]
(;W[sn]
(;B[rq]
(;W[dq]
(;B[bp]
(;W[ep]
(;B[eo]
(;W[kk]
(;B[hp]
(;W[hq]
(;B[ip]
(;W[jp]
(;B[jo]
(;W[ho]
(;B[gp]
(;W[gq]
(;B[fp]
(;W[hm]
(;B[eq]
(;W[er]
(;B[il]
(;W[hl]
(;B[ik]
(;W[im]
(;B[ij]
(;W[fl]
(;B[hk]
(;W[gk]
(;B[el]
(;W[dk]
(;B[kj]
(;W[lk]
(;B[jg]
(;W[jf]
(;B[ih]
(;W[ig]
(;B[hh]
(;W[jh]
(;B[kg]
(;W[ki]
(;B[kh]
(;W[ji]
(;B[jj]
(;W[li]
(;B[lj]
(;W[lg]
(;B[le]
(;W[ke]
(;B[ld]
(;W[lc]
(;B[md]
(;W[mc]
(;B[lf]
(;W[mg]
(;B[mj]
(;W[mk]
(;B[mh]
(;W[lh]
(;B[jl]
(;W[fm]
(;B[ek]
(;W[fn]
(;B[go]
(;W[gn]
(;B[in]
(;W[hn]
(;B[jn]
(;W[en]
(;B[dn]
(;W[cl]
(;B[fk]
(;W[gl]
(;B[al]
(;W[ak]
(;B[bj]
(;W[am]
(;B[an]
(;W[al]
(;B[cj]
(;W[dj]
(;B[ci]
(;W[aj]
(;B[bo]
(;W[ep]
(;B[do]
(;W[bs]
(;B[ar]
(;W[ll]
(;B[ml]
(;W[ja]
(;B[gb]
(;W[ka]
(;B[ia]
(;W[kl]
(;B[ln]
(;W[mi]
(;B[ii]
(;W[se]
(;B[sd]
(;W[sf]
(;B[pa]
(;W[na]
(;B[qa]
(;W[oa]
(;B[cs]
(;W[ds]
(;B[as]
(;W[cs]
(;B[eq]
(;W[fr]
(;B[ep]
(;W[]
(;B[]
C[Seraphin: Juste... :)
Seraphin: merci
gyc: meri
gyc: j'oublie toujours le i
Seraphin: R'une aut'?
gyc: pour la partie
gyc: pourquoi pas
Seraphin: le i y est... :-)
Seraphin: C'est au niveau du C
gyc: oui le c je veux dire hah
Seraphin: re alors
]
))))))))))))))))))))))))))))))))))))))))))))))))))))))))))))))))))))))))))))))))))))))))))))))))))))))))))))))))))))))))))))))))))))))))))))))))))))))))))))))))))))))))))))))))))))))))))))))))))))))))))))))))))))))))))))))))))))))))))))))))))))))))))))))))))))))))))))))))"
597206,71620,832,Seraphin,gyc,fr,fr,"{'version': 5, 'overall': {'rating': 1459.1831827911255, 'deviation': 65.80486825206978, 'volatility': 0.06009495979180294}}","{'version': 5, 'overall': {'rating': 1468.203839122563, 'deviation': 141.35810227089962, 'volatility': 0.060003823368261516}}",23.6647132041044,23.80738573321417,False,False,,,"(;FF[4]
CA[UTF-8]
GM[1]
DT[2014-05-09]
PC[OGS: https://online-go.com/game/597206]
GN[]
PB[Seraphin]
PW[gyc]
BR[17k]
WR[15k]
TM[1200]OT[5x30 byo-yomi]
RE[W+26.5]
SZ[19]
KM[0.5]
RU[Japanese]
HA[2]
AB[pd][dp]
C[Seraphin: Une Bien Joyeuse !
gyc: aller
]
;W[qp]
C[Seraphin: Une Bien Joyeuse !
gyc: aller
]
(;B[cc]
(;W[cf]
(;B[ci]
(;W[ec]
(;B[dd]
(;W[ef]
(;B[ce]
(;W[ed]
(;B[de]
(;W[df]
(;B[ee]
(;W[cn]
(;B[dc]
(;W[bp]
(;B[cq]
(;W[ck]
(;B[ei]
(;W[eb]
(;B[fe]
(;W[hc]
(;B[gg]
(;W[fh]
(;B[eh]
(;W[fg]
(;B[ff]
(;W[eg]
(;B[fi]
(;W[gh]
(;B[hh]
(;W[gi]
(;B[hf]
(;W[fk]
(;B[fj]
(;W[gj]
(;B[ek]
(;W[el]
(;B[fl]
(;W[gk]
(;B[dl]
(;W[em]
(;B[dk]
(;W[cl]
(;B[dm]
(;W[dn]
(;B[en]
(;W[fm]
(;B[fn]
(;W[gm]
(;B[cm]
(;W[bm]
(;B[cj]
(;W[dj]
(;B[ej]
(;W[bl]
(;B[bg]
(;W[bf]
(;B[bj]
(;W[dh]
(;B[ch]
C[gyc: no
gyc: pas de undo ici?
Seraphin: Ah non... :/)
Seraphin: ai pas vu...
]
(;W[cg]
C[Seraphin: si je reprends ca change tout...
Seraphin: non... rien
Seraphin: suis mort là...
]
(;B[gn]
C[Seraphin: ai perdu une bataille... Pas la guerre ...
gyc: non pas mort mais bon
]
(;W[bd]
(;B[be]
(;W[ae]
C[Seraphin: si je coupe tu joues B12 et je ne vis pas
]
(;B[hm]
(;W[gl]
(;B[hq]
(;W[ig]
(;B[hg]
(;W[jd]
(;B[jf]
(;W[if]
(;B[ie]
(;W[je]
(;B[jg]
(;W[ih]
(;B[ii]
(;W[jh]
(;B[ji]
(;W[kh]
(;B[hi]
(;W[ik]
(;B[kj]
(;W[hn]
(;B[in]
(;W[ho]
(;B[eo]
(;W[im]
(;B[jm]
(;W[il]
(;B[jl]
(;W[jk]
(;B[kk]
(;W[kl]
(;B[id]
(;W[ic]
(;B[kf]
(;W[ld]
(;B[he]
(;W[ki]
(;B[jj]
(;W[mh]
(;B[ll]
(;W[jn]
(;B[km]
(;W[io]
(;B[gp]
(;W[lm]
(;B[le]
(;W[kn]
(;B[kl]
(;W[md]
(;B[kd]
(;W[kc]
(;B[ke]
(;W[jc]
(;B[me]
(;W[ne]
(;B[nf]
(;W[of]
(;B[ng]
(;W[od]
(;B[og]
(;W[pf]
(;B[ni]
(;W[nh]
(;B[oh]
(;W[mi]
(;B[nj]
(;W[mj]
(;B[nk]
(;W[mk]
(;B[ml]
(;W[nl]
(;B[ol]
(;W[nm]
(;B[pc]
(;W[oi]
(;B[pi]
(;W[oj]
(;B[ok]
(;W[pj]
(;B[qj]
(;W[oc]
(;B[pe]
(;W[qf]
(;B[qe]
(;W[oe]
(;B[rf]
(;W[ob]
(;B[pb]
(;W[rg]
(;B[re]
(;W[pa]
(;B[qa]
(;W[oa]
(;B[rb]
(;W[om]
(;B[pl]
(;W[mm]
(;B[pm]
(;W[ph]
(;B[qi]
(;W[qh]
(;B[pk]
(;W[op]
(;B[kq]
(;W[rn]
(;B[lo]
(;W[mq]
(;B[po]
(;W[pp]
(;B[oo]
(;W[ln]
(;B[no]
(;W[rk]
(;B[qn]
(;W[ro]
(;B[rm]
(;W[lp]
(;B[kp]
(;W[iq]
(;B[ir]
(;W[go]
(;B[fp]
(;W[hp]
(;B[gr]
(;W[mo]
(;B[ko]
(;W[gd]
(;B[db]
(;W[ge]
(;B[gf]
(;W[bc]
(;B[ea]
(;W[fb]
(;B[fa]
(;W[ga]
(;B[da]
(;W[gb]
(;B[lg]
(;W[mg]
(;B[lh]
(;W[ri]
(;B[rj]
(;W[sj]
(;B[rl]
(;W[sk]
(;B[qk]
(;W[pg]
(;B[sl]
(;W[mf]
(;B[li]
(;W[lf]
(;B[kg]
(;W[oi]
(;B[oj]
(;W[si]
(;B[np]
(;W[nq]
(;B[mp]
C[Seraphin: bien joué
]
(;W[mn]
(;B[lq]
(;W[mr]
(;B[lr]
(;W[qo]
(;B[ms]
(;W[or]
(;B[os]
(;W[ps]
(;B[ns]
(;W[nr]
(;B[ls]
(;W[pr]
(;B[jp]
(;W[di]
(;B[jq]
(;W[bq]
(;B[br]
(;W[cp]
(;B[dq]
(;W[do]
(;B[jo]
(;W[ar]
(;B[bs]
(;W[fo]
(;B[ep]
(;W[bb]
(;B[fd]
(;W[gc]
(;B[ba]
(;W[ad]
(;B[ag]
(;W[ab]
(;B[ah]
(;W[af]
(;B[bi]
(;W[ip]
C[gyc: :)
Seraphin: ca c'est balot
Seraphin: reprend
gyc: just pour le plaisir
]
(;B[aj]
(;W[hj]
(;B[on]
(;W[cb]
(;B[nn]
C[gyc: me force pas
]
(;W[ca]
C[Seraphin: J6 me parait asticueix
]
(;B[sg]
C[gyc: une betise ca doit etre puni
gyc: e
]
(;W[rh]
(;B[sf]
(;W[ak]
(;B[bk]
(;W[al]
(;B[cr]
(;W[sn]
(;B[as]
(;W[aq]
(;B[lj]
C[Seraphin: fini
]
(;W[hl]
C[Seraphin: Bien vu!!!
]
(;B[]
C[gyc: non
gyc: ben alors
gyc: L6
Seraphin: C'est pris
gyc: comment ca
]
(;W[in]
C[Seraphin: Ca c'est J6
]
(;B[]
(;W[]
C[gyc: bizarre comme raisonnement
gyc: ah d'accord je comprends
Seraphin: Bourde trop grosse quand il est tard... :-)
gyc: je parler du groupe en L6
gyc: mouais c'est vrai qu'il est tard
Seraphin: j'avais vu... si je joue J6 avant te prends 15 pierres et te lamine... 
gyc: bon, a la prochaine
Seraphin: A Plus. merci!
]
)))))))))))))))))))))))))))))))))))))))))))))))))))))))))))))))))))))))))))))))))))))))))))))))))))))))))))))))))))))))))))))))))))))))))))))))))))))))))))))))))))))))))))))))))))))))))))))))))))))))))))))))))))))))))))))))))))))))))))))))))))))))))))))))))))))))))))))))))))))))))"
597232,832,69547,gyc,lee07660,fr,001,"{'version': 5, 'overall': {'rating': 1468.203839122563, 'deviation': 141.35810227089962, 'volatility': 0.060003823368261516}}","{'version': 5, 'overall': {'rating': 1727.8097948606157, 'deviation': 60.92477195270748, 'volatility': 0.05983471382983046}}",23.80738573321417,27.57654873203709,False,False,,,"(;FF[4]
CA[UTF-8]
GM[1]
DT[2014-05-09]
PC[OGS: https://online-go.com/game/597232]
GN[]
PB[gyc]
PW[lee07660]
BR[14k]
WR[12k]
TM[1200]OT[5x30 byo-yomi]
RE[W+97.5]
SZ[19]
KM[6.5]
RU[Japanese]
;B[pd]
(;W[dp]
(;B[qp]
(;W[dd]
(;B[fq]
(;W[eq]
(;B[fp]
(;W[cn]
(;B[kq]
(;W[nc]
(;B[kd]
(;W[qc]
(;B[qd]
(;W[pc]
(;B[od]
(;W[oc]
(;B[me]
(;W[qj]
(;B[qm]
(;W[qg]
(;B[og]
(;W[ph]
(;B[oj]
(;W[pk]
(;B[oh]
(;W[pm]
(;B[pn]
(;W[om]
(;B[on]
(;W[ql]
(;B[rm]
(;W[rl]
(;B[nm]
(;W[nl]
(;B[nn]
(;W[ok]
(;B[mj]
(;W[lp]
(;B[ml]
(;W[kp]
(;B[jq]
(;W[jp]
(;B[iq]
(;W[lq]
(;B[nq]
(;W[mr]
(;B[ip]
(;W[jn]
(;B[jl]
(;W[io]
(;B[fn]
(;W[il]
(;B[im]
(;W[jm]
(;B[hm]
(;W[kl]
(;B[jk]
(;W[kk]
(;B[ho]
(;W[kj]
(;B[ik]
(;W[hc]
(;B[ol]
(;W[pl]
(;B[nk]
(;W[dj]
(;B[gk]
(;W[dc]
(;B[lm]
(;W[km]
(;B[in]
(;W[kh]
(;B[he]
(;W[ij]
(;B[hj]
(;W[ii]
(;B[sl]
(;W[rk]
(;B[sk]
(;W[sj]
(;B[sm]
(;W[pi]
(;B[rd]
(;W[rc]
(;B[cf]
(;W[ce]
(;B[dg]
(;W[ch]
(;B[cl]
(;W[dl]
(;B[dk]
(;W[ck]
(;B[dm]
(;W[ek]
(;B[cm]
(;W[em]
(;B[dn]
(;W[en]
(;B[do]
(;W[eo]
(;B[ep]
(;W[cp]
(;B[co]
(;W[bp]
(;B[bo]
(;W[bl]
(;B[ap]
(;W[aq]
(;B[ao]
(;W[br]
(;B[dr]
(;W[cr]
(;B[er]
(;W[dq]
(;B[bf]
(;W[gd]
(;B[ge]
(;W[fe]
(;B[dh]
(;W[di]
(;B[ff]
(;W[ee]
(;B[fh]
(;W[jj]
(;B[hl]
(;W[nr]
(;B[oq]
(;W[or]
(;B[pr]
(;W[kr]
(;B[jr]
(;W[ls]
(;B[mq]
(;W[ig]
(;B[rg]
(;W[ri]
(;B[qf]
(;W[pg]
(;B[pf]
(;W[rh]
(;B[sc]
(;W[sb]
(;B[sd]
(;W[ra]
(;B[lb]
(;W[jc]
(;B[kc]
(;W[jd]
(;B[oa]
(;W[ob]
(;B[na]
(;W[pa]
(;B[mb]
(;W[bh]
(;B[bd]
(;W[bc]
(;B[be]
(;W[cd]
(;B[ef]
(;W[ps]
(;B[qr]
(;W[qs]
(;B[rs]
(;W[os]
(;B[rr]
(;W[ds]
(;B[fs]
(;W[fo]
(;B[go]
(;W[fm]
(;B[gm]
(;W[fk]
(;B[fj]
(;W[ej]
(;B[ln]
(;W[jo]
(;B[lg]
(;W[mi]
(;B[oi]
(;W[ke]
(;B[le]
(;W[kf]
(;B[li]
(;W[lh]
(;B[mh]
(;W[mg]
(;B[ni]
(;W[lf]
(;B[mf]
(;W[ng]
(;B[nf]
(;W[kg]
(;B[nh]
(;W[fi]
(;B[gi]
(;W[gj]
(;B[bm]
(;W[bk]
(;B[fj]
(;W[qn]
(;B[rn]
(;W[gj]
(;B[bn]
(;W[am]
(;B[fj]
(;W[qo]
(;B[ro]
(;W[gj]
(;B[qb]
(;W[rb]
(;B[fj]
(;W[gr]
(;B[fr]
(;W[gj]
(;B[ac]
(;W[gh]
(;B[fj]
(;W[ei]
(;B[hh]
(;W[gg]
(;B[hg]
(;W[hi]
(;B[gj]
(;W[hf]
(;B[fg]
(;W[ih]
(;B[gf]
(;W[eh]
(;B[bb]
(;W[cc]
(;B[cb]
(;W[db]
(;B[ad]
(;W[af]
(;B[ag]
(;W[bg]
(;B[ae]
(;W[jb]
(;B[da]
(;W[ea]
(;B[ca]
(;W[fb]
(;B[fd]
(;W[fc]
(;B[bi]
(;W[ci]
C[gyc: never seen so many sandbaggers on 1 server lol, that's cute
]
(;B[lg]
(;W[mg]
(;B[ki]
(;W[ji]
(;B[lj]
(;W[lk]
(;B[mk]
(;W[js]
(;B[is]
(;W[ks]
(;B[mo]
(;W[mp]
(;B[np]
(;W[nb]
(;B[ma]
(;W[nd]
(;B[ne]
(;W[rf]
(;B[re]
(;W[sg]
(;B[mc]
(;W[md]
(;B[ld]
(;W[kb]
(;B[fl]
(;W[el]
(;B[gl]
(;W[ol]
(;B[gn]
(;W[ka]
(;B[se]
(;W[sf]
(;B[]
(;W[la]
(;B[lc]
(;W[lg]
(;B[]
(;W[]
C[lee07660: tks
gyc: hurry and updaye your ranks
gyc: cheating is bad for karma
]
))))))))))))))))))))))))))))))))))))))))))))))))))))))))))))))))))))))))))))))))))))))))))))))))))))))))))))))))))))))))))))))))))))))))))))))))))))))))))))))))))))))))))))))))))))))))))))))))))))))))))))))))))))))))))))))))))))))))))))))))))))))))))))))))))))))))))))))))))))))))))))"
